sku,category,price
9300LM-SSD-ACCKIT=,hardware,
C9200-24P-A,hardware,
C9200-24P-E,hardware,
C9200-24PB-A,hardware,
C9200-24PB-E,hardware,
C9200-24PXG-A,hardware,
C9200-24PXG-E,hardware,
C9200-24T-A,hardware,
C9200-24T-E,hardware,
C9200-48P-A,hardware,
C9200-48P-E,hardware,
C9200-48PB-A,hardware,
C9200-48PB-E,hardware,
C9200-48PL-A,hardware,
C9200-48PL-E,hardware,
C9200-48PXG-A,hardware,
C9200-48PXG-E,hardware,
C9200-48T-A,hardware,
C9200-48T-E,hardware,
C9200-NM-2Q,hardware,
C9200-NM-2Y,hardware,
C9200-NM-4G,hardware,
C9200-NM-4X,hardware,
C9200-STACK-KIT,hardware,
C9200CX-12P-2X2G-A,hardware,
C9200CX-12P-2X2G-E,hardware,
C9200CX-12P-2X2G-M,hardware,
C9200CX-12P-2XGH-A,hardware,
C9200CX-12P-2XGH-E,hardware,
C9200CX-12P-2XGH-M,hardware,
C9200CX-12T-2X2G-A,hardware,
C9200CX-12T-2X2G-E,hardware,
C9200CX-12T-2X2G-M,hardware,
C9200CX-8P-2X2G-A,hardware,
C9200CX-8P-2X2G-E,hardware,
C9200CX-8P-2X2G-M,hardware,
C9200CX-8P-2XGH-A,hardware,
C9200CX-8P-2XGH-E,hardware,
C9200CX-8P-2XGH-M,hardware,
C9200CX-8UXG-2X-A,hardware,
C9200CX-8UXG-2X-E,hardware,
C9200CX-8UXG-2X-M,hardware,
C9200CX-8UXG-2XH-A,hardware,
C9200CX-8UXG-2XH-E,hardware,
C9200CX-8UXG-2XH-M,hardware,
C9200CX-PSU-315WAC-INTERNAL,hardware,
C9200CX-PSU-315WHVDC-INTERNAL,hardware,
C9200L-24P-4G-A,hardware,
C9200L-24P-4G-E,hardware,
C9200L-24P-4G-M,hardware,
C9200L-24P-4X-A,hardware,
C9200L-24P-4X-E,hardware,
C9200L-24P-4X-M,hardware,
C9200L-24PXG-2Y-A,hardware,
C9200L-24PXG-2Y-E,hardware,
C9200L-24PXG-2Y-M,hardware,
C9200L-24PXG-4X-A,hardware,
C9200L-24PXG-4X-E,hardware,
C9200L-24PXG-4X-M,hardware,
C9200L-24T-4G-A,hardware,
C9200L-24T-4G-E,hardware,
C9200L-24T-4G-M,hardware,
C9200L-24T-4X-A,hardware,
C9200L-24T-4X-E,hardware,
C9200L-24T-4X-M,hardware,
C9200L-48P-4G-A,hardware,
C9200L-48P-4G-E,hardware,
C9200L-48P-4G-M,hardware,
C9200L-48P-4X-A,hardware,
C9200L-48P-4X-E,hardware,
C9200L-48P-4X-M,hardware,
C9200L-48PL-4G-A,hardware,
C9200L-48PL-4G-E,hardware,
C9200L-48PL-4G-M,hardware,
C9200L-48PL-4X-A,hardware,
C9200L-48PL-4X-E,hardware,
C9200L-48PL-4X-M,hardware,
C9200L-48PXG-2Y-A,hardware,
C9200L-48PXG-2Y-E,hardware,
C9200L-48PXG-2Y-M,hardware,
C9200L-48PXG-4X-A,hardware,
C9200L-48PXG-4X-E,hardware,
C9200L-48PXG-4X-M,hardware,
C9200L-48T-4G-A,hardware,
C9200L-48T-4G-E,hardware,
C9200L-48T-4G-M,hardware,
C9200L-48T-4X-A,hardware,
C9200L-48T-4X-E,hardware,
C9200L-48T-4X-M,hardware,
C9200L-STACK-KIT,hardware,
C9200L-STAK-KIT-M,hardware,
C9300-24H-A,hardware,
C9300-24H-E,hardware,
C9300-24P-A,hardware,
C9300-24P-E,hardware,
C9300-24P-M,hardware,
C9300-24S-A,hardware,
C9300-24S-E,hardware,
C9300-24S-M,hardware,
C9300-24T-A,hardware,
C9300-24T-E,hardware,
C9300-24T-M,hardware,
C9300-24U-A,hardware,
C9300-24U-E,hardware,
C9300-24U-M,hardware,
C9300-24UB-A,hardware,
C9300-24UB-E,hardware,
C9300-24UX-A,hardware,
C9300-24UX-E,hardware,
C9300-24UX-M,hardware,
C9300-24UXB-A,hardware,
C9300-24UXB-E,hardware,
C9300-48H-A,hardware,
C9300-48H-E,hardware,
C9300-48P-A,hardware,
C9300-48P-E,hardware,
C9300-48P-M,hardware,
C9300-48S-A,hardware,
C9300-48S-E,hardware,
C9300-48S-M,hardware,
C9300-48T-A,hardware,
C9300-48T-E,hardware,
C9300-48T-M,hardware,
C9300-48U-A,hardware,
C9300-48U-E,hardware,
C9300-48U-M,hardware,
C9300-48UB-A,hardware,
C9300-48UB-E,hardware,
C9300-48UN-A,hardware,
C9300-48UN-E,hardware,
C9300-48UN-M,hardware,
C9300-48UXM-A,hardware,
C9300-48UXM-E,hardware,
C9300-48UXM-M,hardware,
C9300-NM-2Q,hardware,
C9300-NM-2Q-M,hardware,
C9300-NM-2Y,hardware,
C9300-NM-2Y-M,hardware,
C9300-NM-4G,hardware,
C9300-NM-4M,hardware,
C9300-NM-8X,hardware,
C9300-NM-8X-M,hardware,
C9300L-24P-4G-A,hardware,
C9300L-24P-4G-E,hardware,
C9300L-24P-4X-A,hardware,
C9300L-24P-4X-E,hardware,
C9300L-24P-4X-M,hardware,
C9300L-24T-4G-A,hardware,
C9300L-24T-4G-E,hardware,
C9300L-24T-4X-A,hardware,
C9300L-24T-4X-E,hardware,
C9300L-24T-4X-M,hardware,
C9300L-24UXG-2Q-A,hardware,
C9300L-24UXG-2Q-E,hardware,
C9300L-24UXG-4X-A,hardware,
C9300L-24UXG-4X-E,hardware,
C9300L-24UXG-4X-M,hardware,
C9300L-48P-4G-A,hardware,
C9300L-48P-4G-E,hardware,
C9300L-48P-4X-A,hardware,
C9300L-48P-4X-E,hardware,
C9300L-48P-4X-M,hardware,
C9300L-48PF-4G-A,hardware,
C9300L-48PF-4G-E,hardware,
C9300L-48PF-4X-A,hardware,
C9300L-48PF-4X-E,hardware,
C9300L-48PF-4X-M,hardware,
C9300L-48T-4G-A,hardware,
C9300L-48T-4G-E,hardware,
C9300L-48T-4X-A,hardware,
C9300L-48T-4X-E,hardware,
C9300L-48T-4X-M,hardware,
C9300L-48UXG-2Q-A,hardware,
C9300L-48UXG-2Q-E,hardware,
C9300L-48UXG-4X-A,hardware,
C9300L-48UXG-4X-E,hardware,
C9300L-48UXG-4X-M,hardware,
C9300L-STACK-KIT2,hardware,
C9300L-STAK-KIT2-M,hardware,
C9300LM-24U-4Y-A,hardware,
C9300LM-24U-4Y-E,hardware,
C9300LM-48T-4Y-A,hardware,
C9300LM-48T-4Y-E,hardware,
C9300LM-48U-4Y-A,hardware,
C9300LM-48U-4Y-E,hardware,
C9300LM-48UX-4Y-A,hardware,
C9300LM-48UX-4Y-E,hardware,
C9300X-12Y-A,hardware,
C9300X-12Y-E,hardware,
C9300X-12Y-M,hardware,
C9300X-24HX-A,hardware,
C9300X-24HX-E,hardware,
C9300X-24HX-M,hardware,
C9300X-24Y-A,hardware,
C9300X-24Y-E,hardware,
C9300X-24Y-M,hardware,
C9300X-48HX-A,hardware,
C9300X-48HX-E,hardware,
C9300X-48HX-M,hardware,
C9300X-48HXN-A,hardware,
C9300X-48HXN-E,hardware,
C9300X-48HXN-M,hardware,
C9300X-48TX-A,hardware,
C9300X-48TX-E,hardware,
C9300X-48TX-M,hardware,
C9300X-NM-2C,hardware,
C9300X-NM-2C-M,hardware,
C9300X-NM-4C,hardware,
C9300X-NM-8M,hardware,
C9300X-NM-8Y,hardware,
C9300X-NM-8Y-M,hardware,
C9350-12Y,hardware,
C9350-24HX,hardware,
C9350-24P,hardware,
C9350-24S,hardware,
C9350-24T,hardware,
C9350-24U,hardware,
C9350-24Y,hardware,
C9350-48HM,hardware,
C9350-48HX,hardware,
C9350-48HXN,hardware,
C9350-48P,hardware,
C9350-48S,hardware,
C9350-48T,hardware,
C9350-48TX,hardware,
C9350-48U,hardware,
C9350-NM-2C,hardware,
C9350-NM-4C,hardware,
C9350-NM-8L,hardware,
C9350-NM-8M,hardware,
C9350-NM-8Y,hardware,
C9500-24Y4C-A,hardware,
C9500-24Y4C-E,hardware,
C9500-32C-A,hardware,
C9500-32C-E,hardware,
C9500-32QC-A,hardware,
C9500-32QC-E,hardware,
C9500-48Y4C-A,hardware,
C9500-48Y4C-E,hardware,
C9500X-28C8D-A,hardware,
C9500X-28C8D-E,hardware,
C9500X-60L4D-A,hardware,
C9500X-FAN-1U-F,hardware,
C9500X-FAN-1U-R,hardware,
C9550-24L4CD,hardware,
C9550-48L4CD,hardware,
C9550-96L4D,hardware,
C9550-FAN-1U-F,hardware,
C9550-FAN-1U-R,hardware,
C9550-FAN-2U-F,hardware,
C9550-FAN-2U-R,hardware,
C9K-80W-ADPT,hardware,
C9K-ADPT-DC,hardware,
C9K-PWR-1100WAC,hardware,
C9K-PWR-1500WAC,hardware,
C9K-PWR-1500WDC,hardware,
C9K-PWR-1600WAC-R,hardware,
C9K-PWR-1600WDC-R,hardware,
C9K-PWR-650WAC-R,hardware,
C9K-PWR-750WAC,hardware,
C9K-PWR-930WDC-R,hardware,
C9K-T1-FANTRAY,hardware,
C9K-T2-FANTRAY,hardware,
CAB-SPWR-100CM,hardware,
CAB-SPWR-150CM,hardware,
CAB-SPWR-150CM-M,hardware,
CAB-SPWR-30CM,hardware,
CAB-SPWR-30CM-M,hardware,
CAB-SPWR-35CM,hardware,
MA-CBL-100G-1M,hardware,
MA-CBL-100G-3M,hardware,
MA-CBL-100G-50CM,hardware,
MS130-12X,hardware,
MS130-12X-PSU-SYN,hardware,
MS130-24,hardware,
MS130-24-PSU-SYN,hardware,
MS130-24P,hardware,
MS130-24P-PSU-SYN,hardware,
MS130-24X,hardware,
MS130-24X-PSU-SYN,hardware,
MS130-48,hardware,
MS130-48-PSU-SYN,hardware,
MS130-48P,hardware,
MS130-48P-PSU-SYN,hardware,
MS130-48X,hardware,
MS130-48X-PSU-SYN,hardware,
MS130-8,hardware,
MS130-8-PSU-SYN,hardware,
MS130-8P,hardware,
MS130-8P-I,hardware,
MS130-8P-I-PSU-SYN,hardware,
MS130-8P-PSU-SYN,hardware,
MS130-8X,hardware,
MS130-8X-PSU-SYN,hardware,
MS150-24MP-4X,hardware,
MS150-24MP-4X-PSU-SYN,hardware,
MS150-24P-4G,hardware,
MS150-24P-4G-PSU-SYN,hardware,
MS150-24P-4X,hardware,
MS150-24P-4X-PSU-SYN,hardware,
MS150-24T-4G,hardware,
MS150-24T-4G-PSU-SYN,hardware,
MS150-24T-4X,hardware,
MS150-24T-4X-PSU-SYN,hardware,
MS150-48FP-4G,hardware,
MS150-48FP-4G-PSU-SYN,hardware,
MS150-48FP-4X,hardware,
MS150-48FP-4X-PSU-SYN,hardware,
MS150-48LP-4G,hardware,
MS150-48LP-4G-PSU-SYN,hardware,
MS150-48LP-4X,hardware,
MS150-48LP-4X-PSU-SYN,hardware,
MS150-48MP-4X,hardware,
MS150-48MP-4X-PSU-SYN,hardware,
MS150-48T-4G,hardware,
MS150-48T-4G-PSU-SYN,hardware,
MS150-48T-4X,hardware,
MS150-48T-4X-PSU-SYN,hardware,
PWR-C1-1100WAC,hardware,
PWR-C1-1100WAC-P,hardware,
PWR-C1-1100WAC-P-M,hardware,
PWR-C1-1900WAC-P,hardware,
PWR-C1-1900WAC-P-M,hardware,
PWR-C1-1900WHV-T,hardware,
PWR-C1-350WAC-P,hardware,
PWR-C1-350WAC-P-M,hardware,
PWR-C1-715WAC,hardware,
PWR-C1-715WAC-P,hardware,
PWR-C1-715WAC-P-M,hardware,
PWR-C1-715WDC,hardware,
PWR-C2-1600WAC-I,hardware,
PWR-C2-500WAC-I,hardware,
PWR-C2-850WAC-I,hardware,
PWR-C5-125WAC,hardware,
PWR-C5-125WAC-M,hardware,
PWR-C5-1KWAC,hardware,
PWR-C5-1KWAC-M,hardware,
PWR-C5-600WAC,hardware,
PWR-C5-600WAC-M,hardware,
PWR-C6-125WAC,hardware,
PWR-C6-1KWAC,hardware,
PWR-C6-600WAC,hardware,
PWR-C6-715WDC,hardware,
STACK-T1-1M,hardware,
STACK-T1-1M-M,hardware,
STACK-T1-3M,hardware,
STACK-T1-3M-M,hardware,
STACK-T1-50CM,hardware,
STACK-T1-50CM-M,hardware,
STACK-T1A-1M,hardware,
STACK-T1A-3M,hardware,
STACK-T1A-50CM,hardware,
STACK-T3A-1M,hardware,
STACK-T3A-1M-M,hardware,
STACK-T3A-3M,hardware,
STACK-T3A-3M-M,hardware,
STACK-T3A-50CM,hardware,
STACK-T3A-50CM-M,hardware,
STACK-T4-1M,hardware,
STACK-T4-1M-M,hardware,
STACK-T4-3M,hardware,
STACK-T4-3M-M,hardware,
STACK-T4-50CM,hardware,
STACK-T4-50CM-M,hardware,
LIC-CS-AC1-L-A,subscription_monthly,
LIC-CS-AC1-L-E,subscription_monthly,
LIC-CS-AC1-M-A,subscription_monthly,
LIC-CS-AC1-M-E,subscription_monthly,
LIC-CS-CO-L-A,subscription_monthly,
LIC-CS-CO-M-A,subscription_monthly,
LIC-CS-CO-XL-A,subscription_monthly,
LIC-MS-100-L-A,subscription_monthly,
LIC-MS-100-L-E,subscription_monthly,
LIC-MS-100-M-A,subscription_monthly,
LIC-MS-100-M-E,subscription_monthly,
LIC-MS-100-S-A,subscription_monthly,
LIC-MS-100-S-E,subscription_monthly,
LIC-MS-200-L-A,subscription_monthly,
LIC-MS-200-L-E,subscription_monthly,
LIC-MS-200-M-A,subscription_monthly,
LIC-MS-200-M-E,subscription_monthly,
LIC-MS-200-S-A,subscription_monthly,
LIC-MS-200-S-E,subscription_monthly,
LIC-MS-300-L-A,subscription_monthly,
LIC-MS-300-L-E,subscription_monthly,
LIC-MS-300-M-A,subscription_monthly,
LIC-MS-300-M-E,subscription_monthly,
C9200-DNA-A-24-3Y,fixed_term,
C9200-DNA-A-24-5Y,fixed_term,
C9200-DNA-A-24-7Y,fixed_term,
C9200-DNA-A-48-3Y,fixed_term,
C9200-DNA-A-48-5Y,fixed_term,
C9200-DNA-A-48-7Y,fixed_term,
C9200-DNA-E-24-3Y,fixed_term,
C9200-DNA-E-24-5Y,fixed_term,
C9200-DNA-E-24-7Y,fixed_term,
C9200-DNA-E-48-3Y,fixed_term,
C9200-DNA-E-48-5Y,fixed_term,
C9200-DNA-E-48-7Y,fixed_term,
C9200CX-DNAA12-3Y,fixed_term,
C9200CX-DNAA12-5Y,fixed_term,
C9200CX-DNAA12-7Y,fixed_term,
C9200CX-DNAA8-3Y,fixed_term,
C9200CX-DNAA8-5Y,fixed_term,
C9200CX-DNAA8-7Y,fixed_term,
C9200CX-DNAE12-3Y,fixed_term,
C9200CX-DNAE12-5Y,fixed_term,
C9200CX-DNAE12-7Y,fixed_term,
C9200CX-DNAE8-3Y,fixed_term,
C9200CX-DNAE8-5Y,fixed_term,
C9200CX-DNAE8-7Y,fixed_term,
C9200L-DNA-A-24-3Y,fixed_term,
C9200L-DNA-A-24-5Y,fixed_term,
C9200L-DNA-A-24-7Y,fixed_term,
C9200L-DNA-A-48-3Y,fixed_term,
C9200L-DNA-A-48-5Y,fixed_term,
C9200L-DNA-A-48-7Y,fixed_term,
C9200L-DNA-E-24-3Y,fixed_term,
C9200L-DNA-E-24-5Y,fixed_term,
C9200L-DNA-E-24-7Y,fixed_term,
C9200L-DNA-E-48-3Y,fixed_term,
C9200L-DNA-E-48-5Y,fixed_term,
C9200L-DNA-E-48-7Y,fixed_term,
C9300-DNA-A-24-3Y,fixed_term,
C9300-DNA-A-24-5Y,fixed_term,
C9300-DNA-A-24-7Y,fixed_term,
C9300-DNA-A-24S-3Y,fixed_term,
C9300-DNA-A-24S-5Y,fixed_term,
C9300-DNA-A-24S-7Y,fixed_term,
C9300-DNA-A-48-3Y,fixed_term,
C9300-DNA-A-48-5Y,fixed_term,
C9300-DNA-A-48-7Y,fixed_term,
C9300-DNA-A-48S-3Y,fixed_term,
C9300-DNA-A-48S-5Y,fixed_term,
C9300-DNA-A-48S-7Y,fixed_term,
C9300-DNA-E-24-3Y,fixed_term,
C9300-DNA-E-24-5Y,fixed_term,
C9300-DNA-E-24-7Y,fixed_term,
C9300-DNA-E-24S-3Y,fixed_term,
C9300-DNA-E-24S-5Y,fixed_term,
C9300-DNA-E-24S-7Y,fixed_term,
C9300-DNA-E-48-3Y,fixed_term,
C9300-DNA-E-48-5Y,fixed_term,
C9300-DNA-E-48-7Y,fixed_term,
C9300-DNA-E-48S-3Y,fixed_term,
C9300-DNA-E-48S-5Y,fixed_term,
C9300-DNA-E-48S-7Y,fixed_term,
C9300-DNA-L-A-3Y,fixed_term,
C9300-DNA-L-A-5Y,fixed_term,
C9300-DNA-L-A-7Y,fixed_term,
C9300-DNA-L-E-3Y,fixed_term,
C9300-DNA-L-E-5Y,fixed_term,
C9300-DNA-L-E-7Y,fixed_term,
C9300L-DNA-A-24-3Y,fixed_term,
C9300L-DNA-A-24-5Y,fixed_term,
C9300L-DNA-A-24-7Y,fixed_term,
C9300L-DNA-A-48-3Y,fixed_term,
C9300L-DNA-A-48-5Y,fixed_term,
C9300L-DNA-A-48-7Y,fixed_term,
C9300L-DNA-E-24-3Y,fixed_term,
C9300L-DNA-E-24-5Y,fixed_term,
C9300L-DNA-E-24-7Y,fixed_term,
C9300L-DNA-E-48-3Y,fixed_term,
C9300L-DNA-E-48-5Y,fixed_term,
C9300L-DNA-E-48-7Y,fixed_term,
C9500-DNA-A-3Y,fixed_term,
C9500-DNA-A-5Y,fixed_term,
C9500-DNA-A-7Y,fixed_term,
C9500-DNA-E-3Y,fixed_term,
C9500-DNA-E-5Y,fixed_term,
C9500-DNA-E-7Y,fixed_term,
C9500-DNA-L-A-3Y,fixed_term,
C9500-DNA-L-A-5Y,fixed_term,
C9500-DNA-L-A-7Y,fixed_term,
C9500-DNA-L-E-3Y,fixed_term,
C9500-DNA-L-E-5Y,fixed_term,
C9500-DNA-L-E-7Y,fixed_term,
C9500X-DNA-A-3Y,fixed_term,
C9500X-DNA-A-5Y,fixed_term,
C9500X-DNA-A-7Y,fixed_term,
C9500X-DNA-E-3Y,fixed_term,
C9500X-DNA-E-5Y,fixed_term,
C9500X-DNA-E-7Y,fixed_term,
LIC-C9200CX-A-1Y,fixed_term,
LIC-C9200CX-A-3Y,fixed_term,
LIC-C9200CX-A-5Y,fixed_term,
LIC-C9200CX-A-7Y,fixed_term,
LIC-C9200CX-E-1Y,fixed_term,
LIC-C9200CX-E-3Y,fixed_term,
LIC-C9200CX-E-5Y,fixed_term,
LIC-C9200CX-E-7Y,fixed_term,
LIC-C9200L-24A-1Y,fixed_term,
LIC-C9200L-24A-3Y,fixed_term,
LIC-C9200L-24A-5Y,fixed_term,
LIC-C9200L-24E-1Y,fixed_term,
LIC-C9200L-24E-3Y,fixed_term,
LIC-C9200L-24E-5Y,fixed_term,
LIC-C9200L-48A-1Y,fixed_term,
LIC-C9200L-48A-3Y,fixed_term,
LIC-C9200L-48A-5Y,fixed_term,
LIC-C9200L-48E-1Y,fixed_term,
LIC-C9200L-48E-3Y,fixed_term,
LIC-C9200L-48E-5Y,fixed_term,
LIC-C9300-24A-10Y,fixed_term,
LIC-C9300-24A-1Y,fixed_term,
LIC-C9300-24A-3Y,fixed_term,
LIC-C9300-24A-5Y,fixed_term,
LIC-C9300-24A-7Y,fixed_term,
LIC-C9300-24E-10Y,fixed_term,
LIC-C9300-24E-1Y,fixed_term,
LIC-C9300-24E-3Y,fixed_term,
LIC-C9300-24E-5Y,fixed_term,
LIC-C9300-24E-7Y,fixed_term,
LIC-C9300-48A-10Y,fixed_term,
LIC-C9300-48A-1Y,fixed_term,
LIC-C9300-48A-3Y,fixed_term,
LIC-C9300-48A-5Y,fixed_term,
LIC-C9300-48A-7Y,fixed_term,
LIC-C9300-48E-10Y,fixed_term,
LIC-C9300-48E-1Y,fixed_term,
LIC-C9300-48E-3Y,fixed_term,
LIC-C9300-48E-5Y,fixed_term,
LIC-C9300-48E-7Y,fixed_term,
LIC-C9350-24A-3Y,fixed_term,
LIC-C9350-24A-5Y,fixed_term,
LIC-C9350-24A-7Y,fixed_term,
LIC-C9350-24E-3Y,fixed_term,
LIC-C9350-24E-5Y,fixed_term,
LIC-C9350-24E-7Y,fixed_term,
LIC-C9350-48A-3Y,fixed_term,
LIC-C9350-48A-5Y,fixed_term,
LIC-C9350-48A-7Y,fixed_term,
LIC-C9350-48E-3Y,fixed_term,
LIC-C9350-48E-5Y,fixed_term,
LIC-C9350-48E-7Y,fixed_term,
LIC-MS130-24-10Y,fixed_term,
LIC-MS130-24-1Y,fixed_term,
LIC-MS130-24-3Y,fixed_term,
LIC-MS130-24-5Y,fixed_term,
LIC-MS130-24-7Y,fixed_term,
LIC-MS130-24A-1Y,fixed_term,
LIC-MS130-24A-3Y,fixed_term,
LIC-MS130-24A-5Y,fixed_term,
LIC-MS130-48-10Y,fixed_term,
LIC-MS130-48-1Y,fixed_term,
LIC-MS130-48-3Y,fixed_term,
LIC-MS130-48-5Y,fixed_term,
LIC-MS130-48-7Y,fixed_term,
LIC-MS130-48A-1Y,fixed_term,
LIC-MS130-48A-3Y,fixed_term,
LIC-MS130-48A-5Y,fixed_term,
LIC-MS130-CMPT-10Y,fixed_term,
LIC-MS130-CMPT-1Y,fixed_term,
LIC-MS130-CMPT-3Y,fixed_term,
LIC-MS130-CMPT-5Y,fixed_term,
LIC-MS130-CMPT-7Y,fixed_term,
LIC-MS130-CMPTA-1Y,fixed_term,
LIC-MS130-CMPTA-3Y,fixed_term,
LIC-MS130-CMPTA-5Y,fixed_term,
LIC-MS150-24-10Y,fixed_term,
LIC-MS150-24-1Y,fixed_term,
LIC-MS150-24-3Y,fixed_term,
LIC-MS150-24-5Y,fixed_term,
LIC-MS150-24-7Y,fixed_term,
LIC-MS150-24A-1Y,fixed_term,
LIC-MS150-24A-3Y,fixed_term,
LIC-MS150-24A-5Y,fixed_term,
LIC-MS150-48-10Y,fixed_term,
LIC-MS150-48-1Y,fixed_term,
LIC-MS150-48-3Y,fixed_term,
LIC-MS150-48-5Y,fixed_term,
LIC-MS150-48-7Y,fixed_term,
LIC-MS150-48A-1Y,fixed_term,
LIC-MS150-48A-3Y,fixed_term,
LIC-MS150-48A-5Y,fixed_term,
NETWORK-ADVANTAGE-PERPETUAL,fixed_term,
NETWORK-ESSENTIALS-PERPETUAL,fixed_term,
